xmin,ymin,xmax,ymax,confidence,class,name
0.0,1.6072540283203125,717.5308227539062,718.80810546875,0.6084238886833191,0,person
